{"cameraMode":{"drawMode":2,"name":"Shaded Wireframe","section":"Shading Mode"},"sceneLighting":true,"audioPlay":false,"sceneViewState":{"showFog":true,"showMaterialUpdate":false,"showSkybox":true,"showFlares":true,"showImageEffects":true,"showParticleSystems":true},"in2DMode":false,"pivot":{"x":179.77691650390626,"y":39.598960876464847,"z":72.77877807617188},"rotation":{"x":-0.20960760116577149,"y":0.5761432647705078,"z":-0.15593108534812928,"w":-0.7744734883308411},"size":29.56227684020996,"orthographic":false}